# http://www.arrs.net/SA_Mara.htm
#  World Single Age Records- Marathon  (20 Jan 2011)
# marathon        <- read.csv("/home/foster/public_html_gosset/teaching/471/marathons.csv",skip=7)
# marathon$time   <- 60 * marathon$timeH + marathon$timeM + marathon$timeS/60
# marathon$age    <-  marathon$ageYears + marathon$ageDays / 395
# marathon$color  <- c("blue","pink")[(marathon$sex == "men") + 2 * (marathon$sex == "wmn")]
# plot(marathon$age, marathon$time, col = marathon$col,log="y")
sex,ageYears,ageDays,timeH,timeM,timeS,name,country,Bdate,Rdate,location
men,5,358,5,25,09,Bucky Cox,USA,11 Jul 1972,04 Jul 1978,Junction City KS USA
men,6,341,4,07,27,Bucky Cox,USA,11 Jul 1972,17 Jun 1979,Toledo OH USA
men,7,195,4,04,08,Wesley Paul,USA,25 Jan 1969,06 Sep 1976,Columbia MO USA
men,9,325,2,56,57,Wesley Paul,USA,25 Jan 1969,16 Dec 1978,Huntsville AL USA
men,10,211,3,02,23,Daven Chun,USA,18 May 1964,15 Dec 1974,Honolulu HI USA
men,11,323,2,47,17,Wesley Paul,USA,25 Jan 1969,13 Dec 1980,Huntsville AL USA
men,12,364,2,46,42,Wesley Paul,USA,25 Jan 1969,24 Jan 1982,Houston TX USA
men,13,146,2,43,02,Tom Ansberry,USA,22 Aug 1963,15 Jan 1977,San Diego CA USA
men,14,233,2,42,30,Chang-Son Kim,PRK,11 Apr 1952,30 Nov 1966,Pnom Penh CAM
men,15,225,2,29,11,Mitch Kingery,USA,03 Jul 1956,13 Feb 1972,Burlingame CA USA
men,16,359,2,15,07,Zhu-hong Li,CHN,22 Oct 1983,15 Oct 2000,Beijing CHN
men,17,357,2,10,46,Zhu-hong Li,CHN,22 Oct 1983,14 Oct 2001,Beijing CHN
men,18,202,2,06,15,Bazu Worku,ETH,15 Sep 1990,05 Apr 2009,Paris FRA
men,19,337,2,08,47,Feyisa Lilisa,KEN,01 Feb 1990,02 Jan 2010,Xiamen CHN
men,20,69,2,05,23,Feyisa Lilisa,ETH,01 Feb 1990,11 Apr 2010,Rotterdam NED
men,21,155,2,05,24,Samuel Wanjiru,KEN,10 Nov 1986,13 Apr 2008,London ENG
men,22,167,2,05,10,Samuel Wanjiru,KEN,10 Nov 1986,26 Apr 2009,London ENG
men,23,100,2,05,19,Tsegay Kebede,ETH,15 Jan 1987,25 Apr 2010,London ENG
men,24,34,2,06,13.5,Patrick Makau,KEN,02 Mar 1985,05 Apr 2009,Rotterdam NED
men,25,40,2,04,48,Patrick Makau,KEN,02 Mar 1985,11 Apr 2010,Rotterdam NED
men,26,36,2,04,26.0,James Kwambai,KEN,28 Feb 1983,05 Apr 2009,Rotterdam NED
men,27,306,2,05,42,Khalid Khannouchi,MAR,22 Dec 1971,24 Oct 1999,Chicago IL USA
men,28,186,2,04,55,Geoffrey Mutai,KEN,07 Oct 1981,11 Apr 2010,Rotterdam NED
men,29,168,2,05,15,Martin Lel,KEN,28 Oct 1978,21 Oct 2007,London ENG
men,30,345,2,04,26.3,Duncan Kibet,KEN,25 Apr 1978,05 Apr 2009,Rotterdam NED
men,31,290,2,04,56,Sammy Korir,KEN,12 Dec 1971,28 Sep 2003,Berlin GER
men,32,301,2,05,48,Paul Tergat,KEN,17 Jun 1969,14 Apr 2002,London ENG
men,33,159,2,05,56,Haile Gebreselasie,ETH,18 Apr 1973,24 Sep 2006,Berlin GER
men,34,165,2,04,26,Haile Gebreselasie,ETH,18 Apr 1973,30 Sep 2007,Berlin GER
men,35,163,2,03,58.2,Haile Gebreselasie,ETH,18 Apr 1973,28 Sep 2008,Berlin GER
men,36,339,2,05,27,Jaouad Gharib,MAR,22 May 1972,26 Apr 2009,London ENG
men,37,338,2,06,55,Jaouad Gharib,MAR,22 May 1972,25 Apr 2010,London ENG
men,38,61,2,07,12,Carlos Lopes,POR,18 Feb 1947,20 Apr 1985,Rotterdam NED
men,39,311,2,09,24,Japhet Kosegi,KEN,20 Dec 1968,26 Oct 2008,Frankfurt GER
men,40,236,2,08,46,Andres Espinosa,MEX,04 Feb 1963,28 Sep 2003,Berlin GER
men,41,294,2,11,04,Japhet Kosgei,KEN,20 Dec 1968,10 Oct 2010,Melbourne AUS
men,42,44,2,11,51,Jackson Kipngok,KEN,16 Aug 1960,29 Sep 2002,St Paul MN USA
men,43,219,2,11,45,Joshua Kipkemboi,KEN,22 Feb 1959,29 Sep 2002,Saint Paul MN USA
men,44,211,2,15,24,Nelson Chirchir,KEN,16 Jun 1956,22 Oct 2000,Reims FRA
men,45,201,2,14,16,Jackson Kipngok,KEN,16 Aug 1960,05 Mar 2006,Torreon MEX
men,46,286,2,15,24,Reuben Chesang,KEN,22 Dec 1962,04 Oct 2009,Saint Paul MN USA
men,47,122,2,16,20,Jackson Kipngok,KEN,16 Aug 1960,16 Dec 2007,Monterrey MEX
men,48,107,2,20,07,Kjell-Erik Stahl,SWE,17 Feb 1946,04 Jun 1994,Stockholm SWE
men,49,113,2,19,47,Kjell-Erik Stahl,SWE,17 Feb 1946,10 Jun 1995,Stockholm SWE
men,50,190,2,19,29,Titus Mamabolo,RSA,11 Jan 1941,20 Jul 1991,Durban RSA
men,51,28,2,24,18,Piet vanAlphen,NED,16 Aug 1930,13 Sep 1981,Eugene OR USA
men,52,236,2,22,14,Piet vanAlphen,NED,16 Aug 1930,09 Apr 1983,Rotterdam NED
men,53,67,2,23,44,Piet vanAlphen,NED,16 Aug 1930,22 Oct 1983,Etten-Leur NED
men,54,247,2,26,35,Piet vanAlphen,NED,16 Aug 1930,20 Apr 1985,Rotterdam NED
men,55,246,2,25,56,Piet vanAlphen,NED,16 Aug 1930,19 Apr 1986,Rotterdam NED
men,56,236,2,27,05,Erik Ostbye,SWE,25 Jan 1921,18 Sep 1977,Goteborg SWE
men,57,103,2,33,12,Norman Green,USA,27 Jun 1932,08 Oct 1989,St Paul MN USA
men,58,21,2,35,51,Alex Ratelle,USA,12 Sep 1924,03 Oct 1982,St Paul MN USA
men,59,337,2,34,23,Yoshihisa Hosaka,JPN,05 Jan 1949,07 Dec 2008,Fukuoka JPN
men,60,27,2,36,30,Yoshihisa Hosaka,JPN,05 Jan 1949,01 Feb 2009,Oita JPN
men,61,33,2,38,12,Yoshihisa Hosaka,JPN,05 Jan 1949,07 Feb 2010,Oita JPN
men,62,202,2,41,07,John Gilmour,AUS,03 May 1919,21 Nov 1981,Albany AUS
men,63,46,2,46,50,Manuel Rosales,ESP,04 Aug 1935,19 Sep 1998,Cesenatico ITA
men,64,72,2,42,44,Clive Davies,USA,17 Aug 1915,28 Oct 1979,Portland OR USA
men,65,129,2,41,57,Derek Turnbull,NZL,05 Dec 1926,12 Apr 1992,London ENG
men,66,27,2,42,49,Clive Davies,USA,17 Aug 1915,13 Sep 1981,Eugene OR USA
men,67,45,2,51,07,Luigi Passerini,ITA,22 Feb 1923,08 Apr 1990,Mirandola ITA
men,68,253,2,51,02,Ed Whitlock,CAN,06 Mar 1931,14 Nov 1999,Columbus OH/USA
men,69,237,2,52,50,Ed Whitlock,CAN,06 Mar 1931,29 Oct 2000,Columbus OH USA
men,70,68,3,00,23,Ed Whitlock,CAN,06 Mar 1931,13 May 2001,New London ON CAN
men,71,306,3,00,58,John Keston,GBR,05 Dec 1924,06 Oct 1996,St Paul MN USA
men,72,206,2,59,09.3,Ed Whitlock,CAN,06 Mar 1931,28 Sep 2003,Toronto ON CAN
men,73,204,2,54,48.3,Ed Whitlock,CAN,06 Mar 1931,26 Sep 2004,Toronto ON CAN
men,74,35,2,58,40.0,Ed Whitlock,CAN,06 Mar 1931,10 Apr 2005,Rotterdam NED
men,75,202,3,08,34.5,Ed Whitlock,CAN,06 Mar 1931,24 Sep 2006,Toronto ON CAN
men,76,40,3,04,53.4,Ed Whitlock,CAN,06 Mar 1931,15 Apr 2007,Rotterdam NED
men,77,143,3,33,27,Ed Benham,USA,12 Jul 1907,02 Dec 1984,San Diego CA USA
men,78,101,3,36,59,Warren Utes,USA,25 Jun 1920,04 Oct 1998,St Paul MN USA
men,79,85,3,49,23,Ed Benham,USA,12 Jul 1907,05 Oct 1986,Richmond BC CAN
men,80,23,3,39,18,Robert Horman,AUS,01 May 1918,24 May 1998,Brisbane AUS
men,81,202,3,47,04,Gordon Porteous,SCO,20 Feb 1914,10 Sep 1995,Greenock ENG
men,82,88,3,48,35,Ed Benham,USA,12 Jul 1907,08 Oct 1989,St Paul MN USA
men,83,158,4,31,48,Andre Osselaer,SWE,03 Mar 1916,08 Aug 1999,Gateshead ENG
men,84,86,4,17,51,Ed Benham,USA,12 Jul 1907,06 Oct 1991,St Paul MN USA
men,85,69,5,11,04,Henry Sypniewski,USA,07 Jul 1918,14 Sep 2003,Erie PA USA
men,86,64,4,34,55,Robert Horman,AUS,01 May 1918,04 Jul 2004,Brisbane AUS
men,87,201,5,12,59,Pail Spangler,USA,18 Mar 1899,05 Oct 1986,Richmond BC CAN
men,89,94,6,35,38,Sam Gadless,USA,30 Nov 1906,03 Mar 1996,Los Angeles CA USA
men,91,13,6,45,31,Fauja Singh,ENG,01 Apr 1911,14 Apr 2002,London ENG
men,92,180,5,40,04,Fauja Singh,ENG,01 Apr 1911,26 Sep 2003,Toronto CAN
men,93,17,6,07,13,Fauja Singh,ENG,01 Apr 1911,18 Apr 2004,London ENG
wmn,5,261,4,56,36,Jennifer Amyx,USA,16 Jan 1970,04 Oct 1975,Johnstown PA USA
wmn,6,260,4,00,36,Jennifer Amyx,USA,16 Jan 1970,02 Oct 1976,Johnstown PA USA
wmn,7,315,3,51,54,Jennifer Amyx,USA,16 Jan 1970,27 Nov 1977,Philadelphia PA USA
wmn,8,350,3,13,24,Tabitha Francks,USA,24 Nov 1974,13 Nov 1983,Asbury Park NJ USA
wmn,9,182,3,11,01,Julie Mullin,USA,30 Aug 1966,28 Feb 1976,Seaside OR USA
wmn,10,180,2,58,01,Julie Mullin,USA,30 Aug 1966,26 Feb 1977,Seaside OR USA
wmn,11,179,3,02,47,Julie Mullin,USA,30 Aug 1966,25 Feb 1978,Seaside OR USA
wmn,12,161,2,54,03,Manuela Zipse-Veith,GER,11 May 1974,19 Oct 1986,Echternach LUX
wmn,13,304,2,44,03,Kyung-Hee Kim,KOR,15 May 1973,15 Mar 1987,Seoul KOR
wmn,14,105,2,33,08,Xin Wei,CHN,07 Jul 1988,20 Oct 2002,Beijing CHN
wmn,15,213,2,29,41,Mei-yu Shen,CHN,21 Mar 1987,20 Oct 2002,Beijing CHN
wmn,16,328,2,31,51,Li-nan Wang,CHN,26 Nov 1985,20 Oct 2002,Beijing CHN
wmn,17,319,2,23,37,Min Liu,CHN,29 Nov 1983,14 OCt 2001,Beijing CHN
wmn,18,1,2,22,38,Ying-ying Zhang,CHN,04 Jan 1990,05 Jan 2008,Xiawoman CHN
wmn,19,312,2,24,02,Ya-nan Wei,CHN,06 Dec 1981,14 Oct 2001,Beijing CHN
wmn,20,21,2,23,27,Xue Bae,CHN,15 Dec 1987,05 Jan 2008,Xiawoman CHN
wmn,21,92,2,22,38,Aselefech Mergia,ETH,23 Jan 1989,25 Apr 2010,London ENG
wmn,22,73,2,21,51,Naoko Sakamoto,JPN,14 Nov 1980,26 Jan 2003,Osaka JPN
wmn,23,274,2,21,21,Ying-jie Sun,CHN,19 Jan 1979,20 Oct 2002,Beijing CHN
wmn,24,273,2,19,39,Ying-Jie Sun,CHN,19 Jan 1979,19 Oct 2003,Beijing CHN
wmn,25,196,2,19,41,Yoko Shibui,JPN,14 Mar 1979,26 Sep 2004,Berlin GER 
wmn,26,140,2,20,43,Tegla Loroupe,KEN,09 May 1973,26 Sep 1999,Berlin GER
wmn,27,84,2,19,12,Mizuki Noguchi,JPN,03 Jul 1978,25 Sep 2005,Berlin GER
wmn,28,300,2,17,17.7,Paula Radcliffe,ENG,17 Dec 1973,13 Oct 2002,Chicago IL USA
wmn,29,117,2,15,24.6,Paula Radcliffe,ENG,17 Dec 1973,13 Apr 2003,London ENG
wmn,30,84,2,19,26,Catherine Ndereba,KEN,21 Jul 1972,13 Oct 2002,Chicago IL USA
wmn,31,121,2,17,42,Paul Radcliffe,ENG,17 Dec 1973,17 Apr 2005,London ENG
wmn,32,331,2,20,25,Liliya Shobukhova,RUS,13 Nov 1977,10 Oct 2010,Chicago IL USA
wmn,33,68,2,19,36,Deena Kastor,USA,14 Feb 1973,23 Apr 2006,London ENG
wmn,34,181,2,22,42,Birhane Adere,ETH,21 Jul 1973,18 Jan 2008,Dubai UAE
wmn,35,259,2,21,30,Constantina Tomescu,ROM,23 Jan 1970,09 Oct 2005,Chicago IL USA
wmn,36,36,2,19,18.4,Irina Mikitenko,GER,23 Aug 1972,28 Sep 2008,Berlin GER
wmn,37,198,2,21,29,Lyudmila Petrova,RUS,07 Oct 1968,23 Apr 2006,London ENG
wmn,38,22,2,24,14,Irina Timofeyeva,RUS,05 Apr 1970,27 Apr 2008,Hamburg GER
wmn,39,189,2,26,45,Lyudmila Petrova,RUS,07 Oct 1968,13 Apr 2008,London ENG
wmn,40,201,2,27,42,Lyudmila Petrova,RUS,07 Oct 1968,26 Apr 2009,London ENG
wmn,41,361,2,28,06,Irina Bogacheva,KGZ,30 Apr 1961,26 Apr 2003,Nashville TN USA
wmn,42,169,2,26,51,Priscilla Welch,ENG,22 Nov 1944,10 May 1987,London ENG
wmn,43,221,2,29,25,Tatyana Pozdniakova,UKR,04 Mar 1956,11 Oct 1998,Chicago IL USA
wmn,44,195,2,29,43,Joyce Smith,ENG,26 Oct 1937,09 May 1982,London ENG
wmn,45,171,2,32,37,Colleen deReuck,USA,16 Apr 1964,04 Oct 2009,Saint Paul MN USA
wmn,46,364,2,30,26,Tatyana Pozdniakova,UKR,04 Mar 1955,03 Mar 2002,Los Angeles CA USA
wmn,47,223,2,28,59.5,Tatyana Pozdniakova,UKR,04 Mar 1955,13 Oct 2002,Providence RI USA
wmn,48,225,2,37,46,Ramilya Burangulova,RUS,11 Jul 1961,21 Feb 2010,Jacksonville Beach FL USA
wmn,49,3,2,30,17,Tatyana Pozdniakova,UKR,04 Mar 1955,07 Mar 2004,Los Angeles CA USA
wmn,50,2,2,31,05,Tatyana Pozdniakova,UKR,04 Mar 1955,06 Mar 2005,Los Angeles CA USA
wmn,51,15,2,35,46,Tatyana Pozdniakova,UKR,04 Mar 1955,19 Mar 2006,Los Angeles CA USA
wmn,52,108,2,48,47,Edeltraud Pohl,GER,14 Jul 1936,30 Oct 1988,Frankfurt GER
wmn,53,147,2,47,50,Joan Samuelson,USA,16 May 1957,10 Oct 2010,Chicago IL USA
wmn,54,125,2,54,16,Manna Kwak,NED,14 Dec 1944,18 Apr 1999,Rotterdam NED
wmn,55,76,2,52,14,Rae Baymiller,USA,27 Jul 1943,11 Oct 1998,Chicago IL USA
wmn,56,65,2,59,23,Bernardine Portenski,NZL,26 Aug 1949,30 Oct 2005,Auckland NZL
wmn,57,262,3,04,59,Miyo Ishigami,JPN,09 May 1934,26 Jan 1992,Osaka JPN
wmn,58,267,3,03,43,Miyo Ishigami,JPN,09 May 1934,31 Jan 1993,Osaka JPN
wmn,59,249,3,07,05,Bernardine Portenski,NZL,26 Aug 1949,02 May 2009,Rotorua NZL
wmn,60,312,3,01,30,Bernardine Portenski,NZL,26 Aug 1949,04 Jul 2010,Gold Coast AUS
wmn,61,140,3,15,32,Renée Choppin,FRA,03 Dec 1934,21 Apr 1996,Paris FRA
wmn,62,6,3,15,18,Angela Copson,ENG,20 Apr 1947,26 Apr 2009,London ENG
wmn,63,291,3,14,56,Christa Wulf,GER,11 Dec 1933,28 Sep 1997,Berlin GER
wmn,64,114,3,26,37,Riita Rasimus,SWE,10 Feb 1941,04 Jun 2005,Stockholm SWE
wmn,65,56,3,12,56.6,Emmi Lüthi,SUI,01 Mar 1944,26 Apr 2009,Zurich SUI
wmn,66,1,3,35,49,Josie Edith Waller,GBR,16 Apr 1922,17 Apr 1988,London ENG
wmn,67,111,3,40,37,Riita Rasimus,SWE,10 Feb 1941,31 May 2008,Stockholm SWE
wmn,68,165,3,59,29,Shirley Young,AUS,24 Dec 1929,07 Jun 1998,Tratalgon AUS
wmn,69,137,3,35,54,Christa Wulf,GER,11 Dec 1933,27 Apr 2003,Hamburg GER
wmn,70,129,3,45,04,Christa Wulf,GER,11 Dec 1933,18 Apr 2004,Hamburg GER
wmn,71,1,3,48,14,Pat Trickett,ENG,02 Oct 1922,03 Oct 1993,Stone ENG
wmn,72,226,3,46,03,Ginette Bedard,USA,12 Aug 1933,26 Mar 2006,New York NY USA
wmn,73,85,3,59,04,Myra Rhodes,USA,16 Jul 1932,09 Oct 2005,Portland OR USA
wmn,74,51,4,01,54.6,Gwen McFarlan,CAN,04 Apr 1934,25 May 2008,Ottawa ON CAN
wmn,75,29,3,57,30,Gwen McFarlan,CAN,04 Apr 1934,03 May 2009,Vancouver BC CAN
wmn,76,189,4,02,27,Gwen McFarlan,CAN,04 Apr 1934,10 Oct 2010,Victoria BC CAN
wmn,77,175,4,11,28,Betty Jean McHugh,CAN,07 Nov 1927,01 May 2005,Vancouver CAN
wmn,78,1,5,00,37,Ida Mintz,USA,15 Oct 1905,16 Oct 1983,Chicago IL USA
wmn,79,6,5,03,54,Ida Mintz,USA,15 Oct 1905,21 Oct 1984,Chicago IL USA
wmn,80,340,4,36,52,Betty Jean McHugh,CAN,07 Nov 1927,12 Oct 2008,Victoria BC CAN
wmn,81,37,4,49,45,Betty Jean McHugh,CAN,07 Nov 1927,14 Dec 2008,Honolulu HI USA
wmn,82,36,4,53,06,Betty Jean McHugh,CAN,07 Nov 1927,09 Dec 2009,Honolulu HI USA
wmn,83,218,5,51,59,Margaret Davis,USA,13 Aug 1922,19 Mar 2006,Los Angeles CA USA
wmn,84,14,6,02,03,Ida Mintz,USA,15 Oct 1905,29 Oct 1989,Chicago IL USA
wmn,85,137,5,40,52,Ruth Rothfarb,USA,18 Jun 1901,02 Nov 1986,Washington DC USA
wmn,86,177,7,57,24,Mavis Lindgren,USA,02 Apr 1907,26 Sep 1993,Portland OR USA
wmn,87,183,7,06,48,Mavis Lindgren,USA,02 Apr 1907,02 Oct 1994,Portland OR USA
wmn,88,182,8,03,24,Mavis Lindgren,USA,02 Apr 1907,01 Oct 1995,Portland OR USA
wmn,89,180,8,09,23,Mavis Lindgren,USA,02 Apr 1907,29 Sep 1996,Portland OR USA
wmn,90,179,8,53,08,Mavis Lindgren,USA,02 Apr 1907,28 Sep 1997,Portland OR USA
wmn,92,19,9,53,48,Gladys Burrill,USA,23 Nov 1918,12 Dec 2010,Honolulu HI USA
